{
  "project_info": {
    "project_number": "271478379769",
    "project_id": "my-application-5bc49",
    "storage_bucket": "my-application-5bc49.appspot.com"
  },
  "client": [
    {
      "client_info": {
        "mobilesdk_app_id": "1:271478379769:android:dbc4e375be80d1a29bbe28",
        "android_client_info": {
          "package_name": "com.example.myapplication"
        }
      },
      "oauth_client": [],
      "api_key": [
        {
          "current_key": "AIzaSyBuJa1M3ym-3NY8Jmze_3is6hXMX6vg3_s"
        }
      ],
      "services": {
        "appinvite_service": {
          "other_platform_oauth_client": []
        }
      }
    }
  ],
  "configuration_version": "1"
}